Workbook

Sheet variables
A1: word | B1: color | C1: stim_condition | D1: correct_res
A2: RED | B2: red | C2: C | D2: r
A3: RED | B3: blue | C3: I | D3: b
A4: BLUE | B4: red | C4: I | D4: r
A5: BLUE | B5: blue | C5: C | D5: b

Sheet p1
A1: word | B1: color | C1: stim_condition | D1: correct_res | E1: thisN | F1: thisTrialN | G1: thisRepN | H1: key_resp.keys | I1: key_resp.corr | J1: key_resp.rt | K1: key_resp.duration | L1: trials.thisRepN | M1: trials.thisTrialN | N1: trials.thisN | O1: trials.thisIndex | P1: thisRow.t
A3: RED | B3: red | C3: C | D3: r | E3: 0 | F3: 0 | G3: 0 | H3: r | I3: 1 | J3: 0.52971008 | K3: None | L3: 0 | M3: 0 | N3: 0 | O3: 0 | P3: 1.0422144
A4: BLUE | B4: red | C4: I | D4: r | E4: 1 | F4: 1 | G4: 0 | H4: r | I4: 1 | J4: 0.71329417 | K4: None | L4: 0 | M4: 1 | N4: 1 | O4: 2 | P4: 2.644907
A5: RED | B5: blue | C5: I | D5: b | E5: 2 | F5: 2 | G5: 0 | H5: b | I5: 1 | J5: 0.56592158 | K5: None | L5: 0 | M5: 2 | N5: 2 | O5: 1 | P5: 3.8472059
A6: BLUE | B6: blue | C6: C | D6: b | E6: 3 | F6: 3 | G6: 0 | H6: b | I6: 1 | J6: 0.57977512 | K6: None | L6: 0 | M6: 3 | N6: 3 | O6: 3 | P6: 4.8977768
A7: BLUE | B7: red | C7: I | D7: r | E7: 4 | F7: 0 | G7: 1 | H7: r | I7: 1 | J7: 0.73860154 | K7: None | L7: 1 | M7: 0 | N7: 4 | O7: 2 | P7: 5.9783027
A8: RED | B8: red | C8: C | D8: r | E8: 5 | F8: 1 | G8: 1 | H8: r | I8: 1 | J8: 0.76713292 | K8: None | L8: 1 | M8: 1 | N8: 5 | O8: 0 | P8: 7.2201991
A9: RED | B9: blue | C9: I | D9: b | E9: 6 | F9: 2 | G9: 1 | H9: b | I9: 1 | J9: 1.0149102 | K9: None | L9: 1 | M9: 2 | N9: 6 | O9: 1 | P9: 8.4999588
A10: BLUE | B10: blue | C10: C | D10: b | E10: 7 | F10: 3 | G10: 1 | H10: b | I10: 1 | J10: 0.73178863 | K10: None | L10: 1 | M10: 3 | N10: 7 | O10: 3 | P10: 10.018263
A11: RED | B11: blue | C11: I | D11: b | E11: 8 | F11: 0 | G11: 2 | H11: b | I11: 1 | J11: 0.67217712 | K11: None | L11: 2 | M11: 0 | N11: 8 | O11: 1 | P11: 11.266662
A12: BLUE | B12: red | C12: I | D12: r | E12: 9 | F12: 1 | G12: 2 | H12: r | I12: 1 | J12: 1.2558679 | K12: None | L12: 2 | M12: 1 | N12: 9 | O12: 2 | P12: 12.43801
A13: BLUE | B13: blue | C13: C | D13: b | E13: 10 | F13: 2 | G13: 2 | H13: b | I13: 1 | J13: 1.6487807 | K13: None | L13: 2 | M13: 2 | N13: 10 | O13: 3 | P13: 14.194215
A14: RED | B14: red | C14: C | D14: r | E14: 11 | F14: 3 | G14: 2 | H14: r | I14: 1 | J14: 0.80453338 | K14: None | L14: 2 | M14: 3 | N14: 11 | O14: 0 | P14: 16.349528
... A42: BLUE | B42: red | C42: I | D42: r | E42: 39 | F42: 3 | G42: 9 | H42: r | I42: 1 | J42: 1.3605036 | K42: None | L42: 9 | M42: 3 | N42: 39 | O42: 2 | P42: 51.314101
I49: mean RT (C) | J49: =AVERAGE(J3:J40) -> 0.77687392
I50: mean RT (I) | J50: =AVERAGE(J4:J42) -> 0.79145471
I52: Stroop effect (p1) | J52: =J50-J49 -> 0.014580787

Sheet p2
A1: word | B1: color | C1: stim_condition | D1: correct_res | E1: thisN | F1: thisTrialN | G1: thisRepN | H1: key_resp.keys | I1: key_resp.corr | J1: key_resp.rt | K1: key_resp.duration | L1: trials.thisRepN | M1: trials.thisTrialN | N1: trials.thisN | O1: trials.thisIndex | P1: thisRow.t | Q1: notes | R1: ins.started | S1: text_2.started | T1: ins.stopped | U1: trial.started | V1: fixation.started | W1: fixation.stopped | X1: text.started | Y1: key_resp.started | Z1: trial.stopped | AA1: trials.key_resp.keys | AB1: trials.key_resp.corr | AC1: trials.key_resp.rt | AD1: trials.key_resp.duration | AE1: ty.started | AF1: text_3.started | AG1: text_3.stopped | AH1: ty.stopped | AI1: participant | AJ1: session | AK1: date | AL1: expName | AM1: expVersion | AN1: psychopyVersion | AO1: frameRate | AP1: expStart
R2: 0.00870825 | S2: 0.026893334 | T2: 1.0003805 | AI2: 2 | AJ2: 1 | AK2: 2025-08-25_16h04.48.972 | AL2: stroop_task | AN2: 2025.2.0 | AO2: None | AP2: 2025-08-25 16h04.49.092098 +0530
A3: RED | B3: blue | C3: I | D3: b | E3: 0 | F3: 0 | G3: 0 | H3: b | I3: 1 | J3: 0.98127971 | K3: None | L3: 0 | M3: 0 | N3: 0 | O3: 1 | P3: 1.063026 | U3: 1.0357932 | V3: 1.063026 | W3: 1.5013471 | X3: 1.5013471 | Y3: 1.5013471 | Z3: 2.8205755 | AA3: b | AB3: 1 | AC3: 0.98127971 | AD3: None | AI3: 2 | AJ3: 1 | AK3: 2025-08-25_16h04.48.972 | AL3: stroop_task | AN3: 2025.2.0 | AO3: None | AP3: 2025-08-25 16h04.49.092098 +0530
A4: BLUE | B4: blue | C4: C | D4: b | E4: 1 | F4: 1 | G4: 0 | H4: b | I4: 1 | J4: 0.55985958 | K4: None | L4: 0 | M4: 1 | N4: 1 | O4: 3 | P4: 2.856659 | U4: 2.8243002 | V4: 2.856659 | W4: 3.3147812 | X4: 3.3147812 | Y4: 3.3147812 | Z4: 3.8927534 | AA4: b | AB4: 1 | AC4: 0.55985958 | AD4: None | AI4: 2 | AJ4: 1 | AK4: 2025-08-25_16h04.48.972 | AL4: stroop_task | AN4: 2025.2.0 | AO4: None | AP4: 2025-08-25 16h04.49.092098 +0530
A5: RED | B5: red | C5: C | D5: r | E5: 2 | F5: 2 | G5: 0 | H5: r | I5: 1 | J5: 0.46352133 | K5: None | L5: 0 | M5: 2 | N5: 2 | O5: 0 | P5: 3.9008353 | U5: 3.8944822 | V5: 3.9008353 | W5: 4.390049 | X5: 4.390049 | Y5: 4.390049 | Z5: 4.8576258 | AA5: r | AB5: 1 | AC5: 0.46352133 | AD5: None | AI5: 2 | AJ5: 1 | AK5: 2025-08-25_16h04.48.972 | AL5: stroop_task | AN5: 2025.2.0 | AO5: None | AP5: 2025-08-25 16h04.49.092098 +0530
A6: BLUE | B6: red | C6: I | D6: r | E6: 3 | F6: 3 | G6: 0 | H6: r | I6: 1 | J6: 0.67436521 | K6: None | L6: 0 | M6: 3 | N6: 3 | O6: 2 | P6: 4.8742916 | U6: 4.8626043 | V6: 4.8742916 | W6: 5.3542215 | X6: 5.3542215 | Y6: 5.3542215 | Z6: 6.0343476 | AA6: r | AB6: 1 | AC6: 0.67436521 | AD6: None | AI6: 2 | AJ6: 1 | AK6: 2025-08-25_16h04.48.972 | AL6: stroop_task | AN6: 2025.2.0 | AO6: None | AP6: 2025-08-25 16h04.49.092098 +0530
A7: RED | B7: red | C7: C | D7: r | E7: 4 | F7: 0 | G7: 1 | H7: r | I7: 1 | J7: 0.47572696 | K7: None | L7: 1 | M7: 0 | N7: 4 | O7: 0 | P7: 6.0509865 | U7: 6.0399159 | V7: 6.0509865 | W7: 6.5328392 | X7: 6.5328392 | Y7: 6.5328392 | Z7: 7.018014 | AA7: r | AB7: 1 | AC7: 0.47572696 | AD7: None | AI7: 2 | AJ7: 1 | AK7: 2025-08-25_16h04.48.972 | AL7: stroop_task | AN7: 2025.2.0 | AO7: None | AP7: 2025-08-25 16h04.49.092098 +0530
A8: BLUE | B8: blue | C8: C | D8: b | E8: 5 | F8: 1 | G8: 1 | H8: b | I8: 1 | J8: 0.35810275 | K8: None | L8: 1 | M8: 1 | N8: 5 | O8: 3 | P8: 7.0345868 | U8: 7.023268 | V8: 7.0345868 | W8: 7.5325999 | X8: 7.5325999 | Y8: 7.5325999 | Z8: 7.9012257 | AA8: b | AB8: 1 | AC8: 0.35810275 | AD8: None | AI8: 2 | AJ8: 1 | AK8: 2025-08-25_16h04.48.972 | AL8: stroop_task | AN8: 2025.2.0 | AO8: None | AP8: 2025-08-25 16h04.49.092098 +0530
A9: BLUE | B9: red | C9: I | D9: r | E9: 6 | F9: 2 | G9: 1 | H9: r | I9: 1 | J9: 0.73221617 | K9: None | L9: 1 | M9: 2 | N9: 6 | O9: 2 | P9: 7.9135305 | U9: 7.9023134 | V9: 7.9135305 | W9: 8.3993274 | X9: 8.3993274 | Y9: 8.3993274 | Z9: 9.1349821 | AA9: r | AB9: 1 | AC9: 0.73221617 | AD9: None | AI9: 2 | AJ9: 1 | AK9: 2025-08-25_16h04.48.972 | AL9: stroop_task | AN9: 2025.2.0 | AO9: None | AP9: 2025-08-25 16h04.49.092098 +0530
A10: RED | B10: blue | C10: I | D10: b | E10: 7 | F10: 3 | G10: 1 | H10: b | I10: 1 | J10: 0.41860442 | K10: None | L10: 1 | M10: 3 | N10: 7 | O10: 1 | P10: 9.15093 | U10: 9.1400662 | V10: 9.15093 | W10: 9.637631 | X10: 9.637631 | Y10: 9.637631 | Z10: 10.068344 | AA10: b | AB10: 1 | AC10: 0.41860442 | AD10: None | AI10: 2 | AJ10: 1 | AK10: 2025-08-25_16h04.48.972 | AL10: stroop_task | AN10: 2025.2.0 | AO10: None | AP10: 2025-08-25 16h04.49.092098 +0530
A11: RED | B11: blue | C11: I | D11: b | E11: 8 | F11: 0 | G11: 2 | H11: b | I11: 1 | J11: 0.49956408 | K11: None | L11: 2 | M11: 0 | N11: 8 | O11: 1 | P11: 10.081889 | U11: 10.069926 | V11: 10.081889 | W11: 10.565893 | X11: 10.565893 | Y11: 10.565893 | Z11: 11.067836 | AA11: b | AB11: 1 | AC11: 0.49956408 | AD11: None | AI11: 2 | AJ11: 1 | AK11: 2025-08-25_16h04.48.972 | AL11: stroop_task | AN11: 2025.2.0 | AO11: None | AP11: 2025-08-25 16h04.49.092098 +0530
A12: RED | B12: red | C12: C | D12: r | E12: 9 | F12: 1 | G12: 2 | H12: r | I12: 1 | J12: 0.36739992 | K12: None | L12: 2 | M12: 1 | N12: 9 | O12: 0 | P12: 11.083592 | U12: 11.06919 | V12: 11.083592 | W12: 11.56602 | X12: 11.56602 | Y12: 11.56602 | Z12: 11.940647 | AA12: r | AB12: 1 | AC12: 0.36739992 | AD12: None | AI12: 2 | AJ12: 1 | AK12: 2025-08-25_16h04.48.972 | AL12: stroop_task | AN12: 2025.2.0 | AO12: None | AP12: 2025-08-25 16h04.49.092098 +0530
A13: BLUE | B13: red | C13: I | D13: r | E13: 10 | F13: 2 | G13: 2 | H13: r | I13: 1 | J13: 0.40771796 | K13: None | L13: 2 | M13: 2 | N13: 10 | O13: 2 | P13: 11.954928 | U13: 11.94536 | V13: 11.954928 | W13: 12.441661 | X13: 12.441661 | Y13: 12.441661 | Z13: 12.851698 | AA13: r | AB13: 1 | AC13: 0.40771796 | AD13: None | AI13: 2 | AJ13: 1 | AK13: 2025-08-25_16h04.48.972 | AL13: stroop_task | AN13: 2025.2.0 | AO13: None | AP13: 2025-08-25 16h04.49.092098 +0530
A14: BLUE | B14: blue | C14: C | D14: b | E14: 11 | F14: 3 | G14: 2 | H14: b | I14: 1 | J14: 0.45091883 | K14: None | L14: 2 | M14: 3 | N14: 11 | O14: 3 | P14: 12.864222 | U14: 12.852746 | V14: 12.864222 | W14: 13.349401 | X14: 13.349401 | Y14: 13.349401 | Z14: 13.802307 | AA14: b | AB14: 1 | AC14: 0.45091883 | AD14: None | AI14: 2 | AJ14: 1 | AK14: 2025-08-25_16h04.48.972 | AL14: stroop_task | AN14: 2025.2.0 | AO14: None | AP14: 2025-08-25 16h04.49.092098 +0530
... A42: RED | B42: red | C42: C | D42: r | E42: 39 | F42: 3 | G42: 9 | H42: r | I42: 1 | J42: 0.52932912 | K42: None | L42: 9 | M42: 3 | N42: 39 | O42: 0 | P42: 41.17537 | U42: 41.168428 | V42: 41.17537 | W42: 41.666207 | X42: 41.666207 | Y42: 41.666207 | Z42: 42.201359 | AA42: r | AB42: 1 | AC42: 0.52932912 | AD42: None | AI42: 2 | AJ42: 1 | AK42: 2025-08-25_16h04.48.972 | AL42: stroop_task | AN42: 2025.2.0 | AO42: None | AP42: 2025-08-25 16h04.49.092098 +0530
AE43: 42.201619 | AF43: 42.215663 | AG43: 43.205379 | AH43: 43.200312 | AI43: 2 | AJ43: 1 | AK43: 2025-08-25_16h04.48.972 | AL43: stroop_task | AN43: 2025.2.0 | AO43: None | AP43: 2025-08-25 16h04.49.092098 +0530
I44: mean RT (I) | J44: =AVERAGE(J3:J41) -> 0.51564429
I45: mean RT (C) | J45: =AVERAGE(J4:J42) -> 0.50405581
I47: Stroop effect (p2) | J47: =J44-J45 -> 0.011588477

Sheet p3
A1: word | B1: color | C1: stim_condition | D1: correct_res | E1: thisN | F1: thisTrialN | G1: thisRepN | H1: key_resp.keys | I1: key_resp.corr | J1: key_resp.rt | K1: key_resp.duration | L1: trials.thisRepN | M1: trials.thisTrialN | N1: trials.thisN | O1: trials.thisIndex | P1: thisRow.t | Q1: notes | R1: ins.started | S1: text_2.started | T1: ins.stopped | U1: trial.started | V1: fixation.started | W1: fixation.stopped | X1: text.started | Y1: key_resp.started | Z1: trial.stopped | AA1: trials.key_resp.keys | AB1: trials.key_resp.corr | AC1: trials.key_resp.rt | AD1: trials.key_resp.duration | AE1: ty.started | AF1: text_3.started | AG1: text_3.stopped | AH1: ty.stopped | AI1: participant | AJ1: session | AK1: date | AL1: expName | AM1: expVersion | AN1: psychopyVersion | AO1: frameRate | AP1: expStart
R2: 0.01268275 | S2: 0.021381208 | T2: 1.0091857 | AI2: 4 | AJ2: 1 | AK2: 2025-08-25_18h01.49.952 | AL2: stroop_task | AN2: 2025.2.0 | AO2: None | AP2: 2025-08-25 18h01.50.061310 +0530
A3: RED | B3: red | C3: C | D3: r | E3: 0 | F3: 0 | G3: 0 | H3: r | I3: 1 | J3: 0.81283296 | K3: None | L3: 0 | M3: 0 | N3: 0 | O3: 0 | P3: 1.0563717 | U3: 1.0412382 | V3: 1.0563717 | W3: 1.5070802 | X3: 1.5070802 | Y3: 1.5070802 | Z3: 2.6314782 | AA3: r | AB3: 1 | AC3: 0.81283296 | AD3: None | AI3: 4 | AJ3: 1 | AK3: 2025-08-25_18h01.49.952 | AL3: stroop_task | AN3: 2025.2.0 | AO3: None | AP3: 2025-08-25 18h01.50.061310 +0530
A4: BLUE | B4: blue | C4: C | D4: b | E4: 1 | F4: 1 | G4: 0 | H4: b | I4: 1 | J4: 0.48202662 | K4: None | L4: 0 | M4: 1 | N4: 1 | O4: 3 | P4: 2.6604537 | U4: 2.6352162 | V4: 2.6604537 | W4: 3.1328599 | X4: 3.1328599 | Y4: 3.1328599 | Z4: 3.6267151 | AA4: b | AB4: 1 | AC4: 0.48202662 | AD4: None | AI4: 4 | AJ4: 1 | AK4: 2025-08-25_18h01.49.952 | AL4: stroop_task | AN4: 2025.2.0 | AO4: None | AP4: 2025-08-25 18h01.50.061310 +0530
A5: RED | B5: blue | C5: I | D5: b | E5: 2 | F5: 2 | G5: 0 | H5: b | I5: 1 | J5: 0.46916929 | K5: None | L5: 0 | M5: 2 | N5: 2 | O5: 1 | P5: 3.6428024 | U5: 3.6319228 | V5: 3.6428024 | W5: 4.1237698 | X5: 4.1237698 | Y5: 4.1237698 | Z5: 4.5947812 | AA5: b | AB5: 1 | AC5: 0.46916929 | AD5: None | AI5: 4 | AJ5: 1 | AK5: 2025-08-25_18h01.49.952 | AL5: stroop_task | AN5: 2025.2.0 | AO5: None | AP5: 2025-08-25 18h01.50.061310 +0530
A6: BLUE | B6: red | C6: I | D6: r | E6: 3 | F6: 3 | G6: 0 | H6: r | I6: 1 | J6: 0.44925492 | K6: None | L6: 0 | M6: 3 | N6: 3 | O6: 2 | P6: 4.6206593 | U6: 4.5980017 | V6: 4.6206593 | W6: 5.0916297 | X6: 5.0916297 | Y6: 5.0916297 | Z6: 5.5436063 | AA6: r | AB6: 1 | AC6: 0.44925492 | AD6: None | AI6: 4 | AJ6: 1 | AK6: 2025-08-25_18h01.49.952 | AL6: stroop_task | AN6: 2025.2.0 | AO6: None | AP6: 2025-08-25 18h01.50.061310 +0530
A7: BLUE | B7: blue | C7: C | D7: b | E7: 4 | F7: 0 | G7: 1 | H7: b | I7: 1 | J7: 0.42538892 | K7: None | L7: 1 | M7: 0 | N7: 4 | O7: 3 | P7: 5.551107 | U7: 5.5441878 | V7: 5.551107 | W7: 6.0415464 | X7: 6.0415464 | Y7: 6.0415464 | Z7: 6.4786207 | AA7: b | AB7: 1 | AC7: 0.42538892 | AD7: None | AI7: 4 | AJ7: 1 | AK7: 2025-08-25_18h01.49.952 | AL7: stroop_task | AN7: 2025.2.0 | AO7: None | AP7: 2025-08-25 18h01.50.061310 +0530
A8: RED | B8: red | C8: C | D8: r | E8: 5 | F8: 1 | G8: 1 | H8: r | I8: 1 | J8: 0.44213108 | K8: None | L8: 1 | M8: 1 | N8: 5 | O8: 0 | P8: 6.4928087 | U8: 6.4838577 | V8: 6.4928087 | W8: 6.9748351 | X8: 6.9748351 | Y8: 6.9748351 | Z8: 7.4289405 | AA8: r | AB8: 1 | AC8: 0.44213108 | AD8: None | AI8: 4 | AJ8: 1 | AK8: 2025-08-25_18h01.49.952 | AL8: stroop_task | AN8: 2025.2.0 | AO8: None | AP8: 2025-08-25 18h01.50.061310 +0530
A9: RED | B9: blue | C9: I | D9: b | E9: 6 | F9: 2 | G9: 1 | H9: b | I9: 1 | J9: 0.64443671 | K9: None | L9: 1 | M9: 2 | N9: 6 | O9: 1 | P9: 7.4412474 | U9: 7.4299457 | V9: 7.4412474 | W9: 7.9254993 | X9: 7.9254993 | Y9: 7.9254993 | Z9: 8.576884 | AA9: b | AB9: 1 | AC9: 0.64443671 | AD9: None | AI9: 4 | AJ9: 1 | AK9: 2025-08-25_18h01.49.952 | AL9: stroop_task | AN9: 2025.2.0 | AO9: None | AP9: 2025-08-25 18h01.50.061310 +0530
A10: BLUE | B10: red | C10: I | D10: r | E10: 7 | F10: 3 | G10: 1 | H10: r | I10: 1 | J10: 0.78890421 | K10: None | L10: 1 | M10: 3 | N10: 7 | O10: 2 | P10: 8.5937745 | U10: 8.5823516 | V10: 8.5937745 | W10: 9.074844 | X10: 9.074844 | Y10: 9.074844 | Z10: 9.8655075 | AA10: r | AB10: 1 | AC10: 0.78890421 | AD10: None | AI10: 4 | AJ10: 1 | AK10: 2025-08-25_18h01.49.952 | AL10: stroop_task | AN10: 2025.2.0 | AO10: None | AP10: 2025-08-25 18h01.50.061310 +0530
A11: BLUE | B11: red | C11: I | D11: r | E11: 8 | F11: 0 | G11: 2 | H11: r | I11: 1 | J11: 0.50347637 | K11: None | L11: 2 | M11: 0 | N11: 8 | O11: 2 | P11: 9.8779295 | U11: 9.8664536 | V11: 9.8779295 | W11: 10.366211 | X11: 10.366211 | Y11: 10.366211 | Z11: 10.877155 | AA11: r | AB11: 1 | AC11: 0.50347637 | AD11: None | AI11: 4 | AJ11: 1 | AK11: 2025-08-25_18h01.49.952 | AL11: stroop_task | AN11: 2025.2.0 | AO11: None | AP11: 2025-08-25 18h01.50.061310 +0530
A12: BLUE | B12: blue | C12: C | D12: b | E12: 9 | F12: 1 | G12: 2 | H12: b | I12: 1 | J12: 0.37899454 | K12: None | L12: 2 | M12: 1 | N12: 9 | O12: 3 | P12: 10.89032 | U12: 10.878598 | V12: 10.89032 | W12: 11.374783 | X12: 11.374783 | Y12: 11.374783 | Z12: 11.759906 | AA12: b | AB12: 1 | AC12: 0.37899454 | AD12: None | AI12: 4 | AJ12: 1 | AK12: 2025-08-25_18h01.49.952 | AL12: stroop_task | AN12: 2025.2.0 | AO12: None | AP12: 2025-08-25 18h01.50.061310 +0530
A13: RED | B13: red | C13: C | D13: r | E13: 10 | F13: 2 | G13: 2 | H13: r | I13: 1 | J13: 0.437923 | K13: None | L13: 2 | M13: 2 | N13: 10 | O13: 0 | P13: 11.777466 | U13: 11.765782 | V13: 11.777466 | W13: 12.256733 | X13: 12.256733 | Y13: 12.256733 | Z13: 12.699393 | AA13: r | AB13: 1 | AC13: 0.437923 | AD13: None | AI13: 4 | AJ13: 1 | AK13: 2025-08-25_18h01.49.952 | AL13: stroop_task | AN13: 2025.2.0 | AO13: None | AP13: 2025-08-25 18h01.50.061310 +0530
A14: RED | B14: blue | C14: I | D14: b | E14: 11 | F14: 3 | G14: 2 | H14: b | I14: 1 | J14: 0.57752679 | K14: None | L14: 2 | M14: 3 | N14: 11 | O14: 1 | P14: 12.711393 | U14: 12.700376 | V14: 12.711393 | W14: 13.199195 | X14: 13.199195 | Y14: 13.199195 | Z14: 13.78141 | AA14: b | AB14: 1 | AC14: 0.57752679 | AD14: None | AI14: 4 | AJ14: 1 | AK14: 2025-08-25_18h01.49.952 | AL14: stroop_task | AN14: 2025.2.0 | AO14: None | AP14: 2025-08-25 18h01.50.061310 +0530
... A42: BLUE | B42: red | C42: I | D42: r | E42: 39 | F42: 3 | G42: 9 | H42: r | I42: 1 | J42: 0.50130696 | K42: None | L42: 9 | M42: 3 | N42: 39 | O42: 2 | P42: 37.863514 | U42: 37.853263 | V42: 37.863514 | W42: 38.342717 | X42: 38.342717 | Y42: 38.342717 | Z42: 38.848566 | AA42: r | AB42: 1 | AC42: 0.50130696 | AD42: None | AI42: 4 | AJ42: 1 | AK42: 2025-08-25_18h01.49.952 | AL42: stroop_task | AN42: 2025.2.0 | AO42: None | AP42: 2025-08-25 18h01.50.061310 +0530
AE43: 38.848848 | AF43: 38.861801 | AG43: 39.858178 | AH43: 39.846966 | AI43: 4 | AJ43: 1 | AK43: 2025-08-25_18h01.49.952 | AL43: stroop_task | AN43: 2025.2.0 | AO43: None | AP43: 2025-08-25 18h01.50.061310 +0530
I44: mean RT (I) | J44: =AVERAGE(J5:J42) -> 0.42323976
I45: mean RT (C) | J45: =AVERAGE(J3:J40) -> 0.43526169
I47: stroop effect (p3) | J47: =J45-J44 -> 0.012021925

Sheet graph 
A2: participants | B2: congruent RT | C2: incongruent RT
A3: p1 | B3: =AVERAGE('p1'!J3:J40) -> 0.77687392 | C3: =AVERAGE('p1'!J4:J42) -> 0.79145471
A4: p2 | B4: =AVERAGE('p2'!J4:J42) -> 0.50405581 | C4: ='p2'!J3:J41 -> 0.55985958
A5: p3 | B5: =AVERAGE('p3'!J3:J40) -> 0.43526169 | C5: =AVERAGE('p3'!J5:J42) -> 0.42323976
A7: mean | B7: =AVERAGE(B3:B5) -> 0.57206381 | C7: =AVERAGE(C3:C5) -> 0.59151802
A8: stdev | B8: =STDEV(B3:B5) -> 0.18067525 | C8: =STDEV(C3:C5) -> 0.18613773
A10: stroop effect | B10: =C7-B7 -> 0.019454212
A11: t test | B11: =_xlfn.T.TEST(B3:B5,C3:C5,2,1) -> 0.42808004
